name,type,lat,lon
Ceylon Asian Grocery,convenience,60.9968415,24.4632371
Mero Market,convenience,60.9969698,24.4639671
Skåldö fiskeboden,convenience,59.9015989,23.4082923
Alanya Market,convenience,60.2138923,25.082546
Hintakaari Kuljun Kartano,supermarket,61.3798489,23.7825616
Fresh Mini Market,supermarket,62.2279593,25.7716538
M-Market Keskipiste,convenience,60.4364942,23.0457484
Porkkala Marin,convenience,59.9841766,24.423858
M-Market Ruukki,convenience,60.5242947,26.4684124
ABC-Market Haapajärvi,convenience,63.7489627,25.3234356
Grocery store,convenience,62.7802298,25.8056671
ABC Riihimäki,convenience,60.7516427,24.7348362
Kahvila-lähikauppa Airo,convenience,60.1771889,24.914023
Onkiniemen kauppa Rantarysä,convenience,61.4281202,26.014061
Hyvän Mielen Kyläkauppa,convenience,61.9152822,26.1221396
Vuorenkylän Valinta Tarmo-lähikauppa,convenience,61.7354095,25.8857222
Matin Kioski,convenience,60.3726553,25.7054228
Stens,supermarket,63.0324806,21.5462896
ABC Kiitokari Vaasa,convenience,63.0529375,21.7184116
Shop & Deli,convenience,60.2233043,25.1149746
Weskun Valinta,convenience,62.3558041,30.1065477
Pikatukku,supermarket,60.3841314,23.1148269
Mainosvakka,convenience,60.3849206,23.1122479
Oravin kylakauppa,convenience,62.1149887,28.6054885
DFH Asian Market,convenience,60.1799549,24.9532409
Himos-center,convenience,61.8828543,25.2899553
Rajamarket Vaalimaa,supermarket,60.6001429,27.8351117
K-lähikauppa Parainen,convenience,60.2979917,22.3013832
ABC Viitasaari,convenience,63.0739624,25.863917
Kaukon luomutila,supermarket,60.419938,24.9878122
Tunturi Market,convenience,65.6254177,27.6294157
Punkten,supermarket,60.0832921,19.9424145
Sottunga Andelshandel,convenience,60.1300837,20.6665876
Grocery store,convenience,60.8562834,26.6941984
KEA Market,supermarket,60.0707081,20.0848526
Sale Otava,convenience,61.6445942,27.0719511
Laivurin Valinta,convenience,60.1581535,24.9414424
ABC Heinola,convenience,61.233464,26.043222
"Time Out, St1 Kälviä",convenience,63.866544,23.4527674
Tarmo,convenience,63.8163166,22.8573248
Kirjais bybutik&marina,convenience,60.132046,21.9690034
ABC Forssa,convenience,60.8272569,23.5714274
Halpakauppa,supermarket,63.093785,23.0546295
Grocery store,convenience,61.16467,24.9117002
Mango,convenience,60.2134419,25.0806213
Degerby deli,convenience,60.0841143,24.1777171
Matinkaupat,convenience,62.896601,22.0665581
K-Solina,convenience,60.9504618,25.8124494
ABC Lohja,convenience,60.2933394,24.0629143
Sale,convenience,62.2518374,21.5205486
K-Shop,convenience,60.8261894,23.5774179
ABC Kausala,convenience,60.894283,26.3357453
Knappi,convenience,61.5037182,26.7045337
ABC Tuukkala Mikkeli,convenience,61.6514304,27.2627465
Camping Messilä,convenience,61.018688,25.5640895
ABC Kuninkaantie,convenience,60.4849621,25.8904321
ABC S-Market Koria,convenience,60.8594543,26.567696
ABC Juva,convenience,61.897567,27.8052194
KPO Sale Kållby,convenience,63.6304998,22.893464
M-market Mäntyharju,convenience,61.4195091,26.8883784
K-kauppa Tähtihovi,convenience,61.2185705,26.0131869
Heila,convenience,61.2327017,26.0456762
Jauhomyymälä / Tarmo Lähikauppa,convenience,64.2016715,24.0576741
Minimani,supermarket,62.2539195,25.7643139
Ruohonjuuri Hakaniemi,supermarket,60.1799381,24.9536205
Fincosat & African Food Store,convenience,62.2440993,25.7469131
Bereska,convenience,60.3994156,25.1094897
M-Market Tikanmaa,convenience,60.4898451,22.1038944
Bergö Andelshandel,convenience,62.9707303,21.1878555
Grocery store,convenience,62.3589781,28.8557518
Haapasaaren Osuuskauppa,convenience,60.2886864,27.1943118
Karkun Puoti ja Pannu,supermarket,61.4450405,23.0463246
Totte på hörnet,convenience,60.0988046,19.9419688
AitanLukko ky,convenience,62.2703992,29.7523673
Lidl Orivesi,supermarket,61.6755149,24.3511323
Ruohonjuuri,convenience,61.4977051,23.7626017
Ruokamarket Aromi,convenience,61.0502563,28.1965119
Alanya Market,convenience,61.4510452,23.8480638
M-Market Luhanka,convenience,61.7965839,25.7043993
Grocery store,convenience,61.442948,23.7513802
S-market Karhuvuori,supermarket,60.4835997,26.8586913
Knallen,convenience,60.2221113,20.1509401
ABC Lahdesjärvi Tampere,convenience,61.4596448,23.7876451
Vahvaselän kauppa,convenience,61.7148994,27.0590476
Tunturikauppa,convenience,66.758864,28.7685421
Huili,convenience,60.604497,25.253922
Grocery store,convenience,60.1865672,24.96801
Eestin herkut,convenience,60.2041116,25.1464029
Pias Livs,convenience,63.8059136,22.7803648
Tarmo Vaarannivan Talouskauppa,convenience,65.161596,28.3767021
ABC Market,convenience,64.5670226,26.8746014
Grocery store,convenience,60.7126448,25.2322267
Tarmo Kyläkauppa,convenience,62.6547572,28.4929227
Ilmon kauppa,convenience,61.8171076,27.6220938
K-Extra,convenience,64.7633069,25.546705
FreshMart,convenience,61.4519647,23.8486573
Maku market,convenience,60.375869,25.2582506
M-Market Kaihari,convenience,61.6286349,23.6131575
Erkinkulma,convenience,60.5363174,26.9512869
Villa Cawén,convenience,61.9502666,25.7504411
K-Kauppa Saarela,convenience,61.6422114,24.7052963
Rantolan Puoti,convenience,60.280154,22.5805999
Matkroken,convenience,60.3083258,19.9661648
M Pakkalan kyläkauppa,convenience,61.4520328,24.3890629
Kyläkauppa,convenience,60.1747691,24.9272359
Rantapuoti,convenience,60.4679043,21.6947929
Matboden i Lumparland Ab,convenience,60.1163035,20.2588344
M-Market Eväskulma,convenience,62.8910495,27.6691265
Grocery store,convenience,65.3093122,25.3757253
M-Market Vapriikki,convenience,61.5039843,23.7618019
Sale ABC! Jakobstad,convenience,63.6749026,22.7489271
ABC Alavus,convenience,62.5933638,23.6105362
Eestin Extrat,convenience,60.2620128,24.8526861
Mattssons,supermarket,60.2299926,19.9896738
Grocery store,convenience,61.6112123,28.6952163
ABC Kolmenkulma Nokia,convenience,61.5019321,23.5664675
ABC Market Vaajakoski,convenience,62.2293155,25.9026197
Kjellman & Co,convenience,63.5937139,23.0511236
ABC Tupos Liminka,convenience,64.8621112,25.5214214
Posti,convenience,67.1582103,26.9171493
ABC Market,supermarket,60.7482856,26.8388108
Duty Free Shop,convenience,61.419988,23.6137729
Duty Free Shop,convenience,61.4206886,23.6184609
ABC Valkeala,convenience,60.9299248,26.799389
Thai Tuote,convenience,60.4635499,26.9370149
Grocery store,convenience,61.2552778,23.8403656
Lappo Handelslag,convenience,60.3163373,20.9946311
Sale Vestersundsby,convenience,63.6715044,22.6763103
Tarmo Kaamasen Kotipuoti,convenience,69.1025469,27.19428
ABC Oritupa,convenience,61.67135,24.2868862
ABC Utti Kouvola,convenience,60.8939333,26.9107278
Al-Amal Halal Itämainen Elintarvikekauppa,convenience,60.2210175,24.8157132
Shangde Aasialainen ruokakauppa,convenience,60.261052,25.0752195
Grocery store,convenience,65.0297538,25.4178087
Minikauppa,convenience,60.163907,25.0466525
Megamarket,supermarket,62.2579874,24.697529
St1,convenience,60.3080246,24.99817
Kannuskosken lähimyymälä,convenience,60.9635283,27.244417
Sale Saarijärvi,convenience,62.9088333,27.6939746
Barösunds Boden,convenience,59.97706,23.8815112
K-kyläkauppa Kelloniemi,convenience,66.6855168,27.9744499
ABC Pickala,convenience,60.0992132,24.2943775
Seinäjärven Rajala OY,convenience,62.4145676,23.4212204
Teboil Myymälä,convenience,60.4193556,22.662362
Star Mini Market,convenience,60.8703772,26.706932
Grocery store,convenience,67.4218064,24.5138016
Rajacafé Karesuvanto,convenience,68.4498769,22.4822881
Kesäkioski,convenience,61.4719513,23.7385774
Räyskälän kyläkauppa,convenience,60.7381784,24.1330502
Medina mini market,convenience,60.2393368,24.8744734
Kaunissaaren Kauppa,convenience,60.3451059,26.7746782
Tarmo,convenience,62.6267643,27.9865194
Grocery store,convenience,60.9481013,25.8874926
Grocery store,convenience,60.2520828,25.007537
Shan Food Market,convenience,61.5024999,23.7790143
Grocery store,convenience,60.8705389,26.7044796
K Erik Högnäs,convenience,63.7087286,23.3260239
M-Market Solf,convenience,63.0131755,21.6485045
Skandinavian market,supermarket,61.1497157,28.8104773
Wanha Putiikki,convenience,61.5184914,23.6646154
Ylläspuoti Mini Market,convenience,67.5506094,24.2509621
Grocery store,convenience,61.1714821,28.7580021
M-Market Koskikartano,convenience,61.0177947,25.1573985
Kieringin Lomakylä Oy,convenience,67.2676275,25.5313114
Metsäkylän Kyläkauppa,convenience,65.3395332,28.3607582
ABC Kivihaka Vaasa,convenience,63.1110743,21.6520581
Hao Asian Market,convenience,60.1629214,24.9151904
Vii-Voan,convenience,60.1807907,24.9529589
Butik,convenience,59.9394749,20.8824546
Himos Market,convenience,61.8825549,25.2902232
Sun Market,convenience,60.2209638,24.8126322
Suomen Kerta Factory Outlet,convenience,61.1872274,28.7466463
Mboa Market,convenience,60.4508621,22.2796952
Kiina Supermarket,convenience,60.4485611,22.2641663
i-Market,convenience,60.4539631,22.2711529
Moi ! Aasia Kauppa,convenience,60.4526614,22.2720946
Deli market,convenience,60.4527877,22.2723101
Oriental Food Market,convenience,60.4518109,22.2714087
ABC Imatra,convenience,61.1859035,28.7399374
ABC Nurmes,convenience,63.5532425,29.1000828
Sale Honkajoki,supermarket,61.9921007,22.2613643
Asian Market,convenience,63.0940752,21.6178381
Hot Curry Market,convenience,63.0954155,21.619259
Piimätien Puoti,convenience,66.4500824,24.3584095
Aminah Bazar,convenience,60.2479794,24.8631368
Petsmo HLG,convenience,63.2207621,21.7871376
East Asia Mart,convenience,61.4975583,23.7768338
Grocery store,supermarket,60.2092598,24.9458547
M-market Tirmo,convenience,60.2466392,25.8971157
Osuuskunta Länsi-Maidon tehtaanmyymälä,convenience,61.4766409,23.7886235
Grocery store,convenience,60.4261897,22.7237384
Helsinki Arrival Shop,convenience,60.3183406,24.9672881
Kioski,convenience,61.0833048,26.1844506
Kesäkioski,convenience,61.1548232,26.3095096
Lähiruokapuoti Lempi,convenience,61.5023559,23.7812509
Sale,supermarket,61.6944603,29.6787858
Seglinge Andelshandel,convenience,60.2079931,20.7006608
K-Ruokakauppa Jari-Pekka Joroinen,convenience,62.1759732,27.8397307
Kosken Puotipiika,convenience,62.7583261,26.6894283
Käävänkylän Ostoskeskus,convenience,61.1988281,27.0957064
Bai Wei Asian Shop,convenience,61.4511777,23.8501884
Kyläkauppa Tarmo,convenience,62.2657567,24.0325136
Grocery store,convenience,65.9174089,27.1275226
Grocery store,convenience,61.1723792,28.7541944
Grocery store,convenience,61.2246313,28.8387508
Tarmo Juntunen Mikko,convenience,63.7568456,26.7789885
M-Market Houtskär,convenience,60.2231893,21.3661641
ABC Tikkula,convenience,61.487378,21.7515553
Nötöboden,convenience,59.9538802,21.7575855
Sevetin Baari,convenience,69.5087325,28.599963
Heinähattu,convenience,62.2529868,25.1943575
Strandhugget,convenience,59.8688264,22.1959678
Mama Africa,supermarket,61.0513598,28.1946647
Galdotieva,convenience,68.5707681,23.3354694
ABC Market,convenience,60.4185053,23.1645549
M-Market Kupsu,convenience,60.3824058,25.6147211
Grocery store,convenience,66.3787398,23.6957312
Grocery store,convenience,66.0197355,24.3916572
Ararat Bazaar,supermarket,60.1913708,24.9769378
Viron Herkkukauppa,convenience,61.4995596,23.7520205
Brändö Andelshandel,supermarket,60.4120857,21.0379106
Eestin Extrat,convenience,60.2367087,25.0826367
Strandis,convenience,63.7180391,22.7560026
Kahvibaari Piiukka,convenience,63.523365,29.9955793
Mestarin Herkku Jyväskylä,supermarket,62.2425592,25.7486414
Cindyn aasialainen kauppa,convenience,61.4493353,23.8510344
Sale,convenience,66.5113874,25.6775292
Rytingin Kauppa,convenience,65.6958509,27.3325965
K-Kauppa Pitkänen,convenience,63.0333447,24.122507
Lidl Jakobstad,supermarket,63.6784275,22.7219156
Hachi Japanin Markkinat,supermarket,60.1615556,24.9395088
An Nam Market,convenience,60.1705742,24.9280177
Varuboden City,supermarket,60.1,19.9413
Santa's minimarket,convenience,60.1725533,24.9261104
MK Market Routionmäki,convenience,60.273292,24.0580636
ABC Tiiriö,convenience,61.0140216,24.4160468
M-market,supermarket,62.0286119,21.3410421
Lapin herkut,supermarket,66.9072263,25.3728332
Minimarket,convenience,62.5399838,24.1729233
Enklingebutiken,supermarket,60.3337954,20.7661752
Grocery store,convenience,61.4744203,22.5564418
Shell Punkaharju,convenience,61.7565544,29.39365
Pieni Ruokakauppa,convenience,61.1142414,24.342887
Kustavin Talouskauppa,convenience,60.5375462,21.466491
Kesänmaku,convenience,61.2630859,24.3540476
Bamo Market,convenience,60.4495213,22.3108661
ABC Pyhäjärvi / Market,convenience,63.7158594,25.9193735
Virolainen Pikku Market,convenience,60.1591117,24.7413467
Hintakaari Pori,supermarket,61.4665369,21.821173
M-Market Keihäskoski,convenience,62.8570151,27.1482039
Bilaal,convenience,60.9958198,24.4677846
Luomu- ja herkkukauppa Inkivääri,convenience,60.9966595,24.4681405
Tesjoen Market,convenience,60.4742824,26.3089623
Jiahe Asian Market,convenience,60.179956,24.9541676
Indian Market,convenience,60.1801465,24.9521804
Zagros Food,convenience,60.2626683,24.8502644
K-Monimarket Leinonen,convenience,64.5049562,28.2107606
Autton kauppa,convenience,68.1378086,24.2203243
Mouhijärven Rabatti,supermarket,61.5135481,23.0092548
ABC Kuortti,convenience,61.4208907,26.4350484
Hanko Greenhouse,convenience,59.8421861,23.1993446
K-Mäkeläisen pojat Ky,convenience,64.7456841,29.4469349
Atusa Market,convenience,60.2925705,25.0412784
Kalinka,convenience,60.292087,25.0416666
Alvettulan kyläkauppa,convenience,61.1999477,24.4853275
Minimani,supermarket,63.1040057,21.624461
Herkkulandia,convenience,60.4800966,26.9057224
WeFood,convenience,60.1865501,24.979145
Myymälä Miinantori,convenience,60.8893333,24.7141258
JK Shop,convenience,60.2181441,24.8108616
Maria-Merna Tmi,convenience,60.9957925,24.466543
Kalinka,convenience,60.2108757,25.0818554
Arturin putiikki,convenience,61.0701295,24.6800131
Neste Permossvängen,convenience,63.679008,22.7313709
Al-Fateh market,convenience,60.2515559,25.0085807
ABC Padasjoki,convenience,61.3439544,25.2493513
JK Shop,convenience,60.184925,24.9166022
Minimani,supermarket,63.8356171,23.1108262
ABC Kristinestad,convenience,62.2624844,21.4859165
Multi Shoppi,convenience,60.2389965,24.8740971
Grocery store,convenience,61.7028655,27.3437643
Camping Hossan Lumo,convenience,65.4426104,29.5510546
Pihlajaveden Kauppala,convenience,62.3440445,24.3910543
Asian Mini Market,convenience,60.4699882,22.3051065
Grocery store,convenience,63.0003518,22.3231706
Sampon Lohi,supermarket,61.787177,26.0412145
Rantakauppa,convenience,60.2521931,22.1078995
Metro,convenience,61.1338562,21.5281933
M-Market Taipalsaari,convenience,61.1599067,28.0593575
Koskenpää Market,convenience,62.0816997,25.1410585
Pakkahuoneen Puoti,convenience,60.798286,21.4046046
Aftab Shop Oy,convenience,60.4374747,22.3499019
Rayan Market,convenience,60.2370349,25.0832681
Lielax Kauppa & Kapakka,convenience,60.3132683,22.4180931
Beno,convenience,60.2137225,25.0815432
ABC Kippari,convenience,60.5663191,27.1897127
EuroFresh,convenience,60.2396413,24.8732802
Siamtori,supermarket,60.9733387,25.6571221
Mahuraan elintarvikekauppa,supermarket,60.1997379,24.9376417
Bf market,convenience,60.2590113,25.064951
Jana Market,convenience,62.5988035,29.7610104
Vehkalahden Kauppa Ky,convenience,61.5174353,26.2233665
Minimani Seinäjoki,supermarket,62.7900203,22.87987
Replot Närköp,convenience,63.231943,21.4151303
Aasia Market,supermarket,65.0114257,25.4826911
Konki Reimari eli Reimarin tupa,convenience,62.7800045,25.8055135
Muurasjärvi,convenience,63.5440194,25.2420608
Monäs Boden,supermarket,63.458246,22.3366162
S-market,convenience,64.2656078,25.8657977
ABC Akaa Toijala,convenience,61.1812599,23.8863079
Uukuniemen kyläkauppa,convenience,61.7539193,29.8965755
Antalya market,convenience,62.2418582,25.7441726
Pargas Port,convenience,60.1494447,22.2855139
Moi Market,convenience,60.3164463,24.8485938
Solu Afro Asian Food Market,supermarket,60.1948521,25.0289246
K-KoskiHerkku,convenience,61.4958425,23.7675614
Thai Food,convenience,64.6835021,24.476847
K-Laaksovirta,convenience,63.1011392,23.0655927
Viljakkalan Kultapirtti,convenience,61.7047277,23.2647547
Baltian Herkut,convenience,60.173026,24.7251132
Ruohonjuuri,supermarket,65.0119393,25.4694155
Strandshoppen,convenience,60.2373285,19.5419262
Mix Market,convenience,61.0001633,24.4779074
Neste,convenience,60.3137441,24.8394581
Grocery store,convenience,64.453016,26.7895599
Nurmi Dao Oriental Food,convenience,60.4524205,22.2832158
Eestin Herkut,convenience,60.2313441,24.8828507
Alanya Market,supermarket,60.4350811,22.3444507
Lakeuden Kauppa,convenience,63.0386489,22.8378028
Kökar Skärgårdsbutik,supermarket,59.9204172,20.9065358
Iniö Lanthandel,convenience,60.3965369,21.3886921
Beno,supermarket,60.4437623,22.3595891
Livonsaaren Osuuskauppa,convenience,60.5117788,21.7460663
Neste,convenience,60.9828824,25.4948989
Family Market,convenience,61.4990211,23.7564218
Matkakeidas Kausala,convenience,60.9107203,26.274016
Eestiläinen kauppa,convenience,60.4016017,25.108382
Kärkipyörä Juva,supermarket,61.8990168,27.8067181
K-Kyläkauppa Paavola,supermarket,64.6078249,25.206384
"Sotilaskoti, market",convenience,61.1140128,26.9826314
Neste Muhos myymälä,convenience,64.8051866,26.0009343
Grocery store,convenience,64.8064891,25.9990065
M-market,supermarket,63.203904,28.4798201
Vilumarket Kustavintie,convenience,60.6131118,21.710929
Kiina Supermarket Espoo,supermarket,60.1681522,24.7348157
Kiina Supermarket,convenience,60.2601318,24.8540857
Yalla,convenience,60.3231882,25.062588
Hewad market,convenience,61.4526473,23.8451615
Sham itämaan herkku,convenience,65.0244652,25.4701621
Moision St1,convenience,60.5334525,22.3058674
Ruohonjuuri,supermarket,60.1698288,24.9391661
SMT store - Malmi,supermarket,60.2524083,25.0100624
Marmaris Market,convenience,60.4023378,25.1026418
Hongheng Asia Food Store,convenience,60.405723,25.1042307
Alanya Oriental market,convenience,61.4990542,23.7534318
SMT Store - Pukinmäki,convenience,60.2424667,24.9926926
Virolainen Pikku Market,convenience,60.2460463,24.991888
Antalya Market,convenience,62.8387418,27.6394593
Eestin Extrat,convenience,60.2081225,25.1445088
Yalla,convenience,60.2079796,25.1443312
Atusa Market,convenience,60.3232241,25.061631
Mosaiikki Ruoka,convenience,65.0252301,25.4707839
Grocery store,convenience,60.8189311,21.5594617
Laxmi Market,supermarket,60.1867485,24.7440643
Indian' Market,supermarket,60.1598168,24.737198
Cityfood Market,convenience,63.6765452,22.6907689
Pan Thai Food,convenience,62.6733011,30.9304726
Spicetown,convenience,60.2935438,25.0361069
mixmart,convenience,63.6781494,22.7141583
Aasialainen Ruokakauppa,convenience,65.7350315,24.5611065
K-Extra Mäntymäki,convenience,62.4792286,21.9195772
Mero Market,convenience,60.2204482,24.8129935
Grocery store,convenience,66.4155371,24.6875454
Al-Fateh Market Malminkartano,convenience,60.2473758,24.8613835
Al-aqsa market,convenience,60.2510263,25.0089355
Thai Orchid Market,convenience,60.2103495,25.0805951
Taj Mahal,convenience,60.1810748,24.953865
Maharaja,convenience,60.1810371,24.953759
Mundial Oy,convenience,60.1812298,24.9542957
ABC Majakka,convenience,60.4890466,26.5574677
Kasnäs Handel,convenience,59.9216842,22.4098298
Butik Kvarnen,convenience,60.5171723,21.0770767
Kiina Supermarket,supermarket,60.1700792,24.9333323
Itä Market Rauma,supermarket,61.1278062,21.5056265
Furat Market,convenience,60.9829976,25.6668925
Kauvatsan Kyläkauppa,convenience,61.3342949,22.5044649
Kuhmalahden Kauppa,convenience,61.5046256,24.5621798
Insaf market,convenience,61.4516127,23.8503789
Grocery store,convenience,61.05969,28.1950152
Sitruuna market,convenience,60.2517539,25.009573
Alanya Market,supermarket,60.213218,25.0851346
Oikko,supermarket,60.2175352,24.8108771
RF Asian Market,convenience,60.1489252,24.6560113
Yalla,convenience,60.2937882,25.0307051
M-Market Kauhajoki,convenience,62.4303228,22.1778524
Halpakauppa,supermarket,62.969932,23.0086299
Juustoportti,convenience,61.5562748,23.5634163
Thai interfood,convenience,65.0096131,25.4800919
Utö Handel,convenience,59.7813846,21.3706027
Aasia Market,convenience,61.498453,23.7565997
Hello America,convenience,60.1694264,24.9377213
Baltic Herkut,convenience,65.0023833,25.4641964
Royal Mini Market,convenience,60.2060948,24.6582818
JK Shop,convenience,60.1700593,24.940508
Okiniiri-Market,convenience,65.0116829,25.474512
Huili,convenience,60.2885754,24.9962184
KKJ,convenience,60.1848268,24.8254507
Golden Crop Asian Supermarket,supermarket,60.2753716,24.9698522
E&G Asian Grocery,convenience,61.4979309,23.7532695
Kavall,convenience,60.165839,24.9284985
Andalus Market,convenience,62.8927312,27.6760946
Thai Thai by Kunkid,convenience,61.5014835,23.7778956
Kiinalainen Kauppa,convenience,60.1872367,24.9611861
Tarmo lähikauppa,convenience,62.6680405,24.8052219
R Market,supermarket,60.9619561,25.6566232
Jasmine Asian Market,convenience,60.2059782,24.6576807
Miniprix Market,convenience,60.2526407,25.0056175
Lucky Cat,convenience,60.9832657,25.667011
Thai Asian Market Tornio,convenience,65.8466738,24.1476767
Sale,supermarket,64.2302106,23.8151773
Kilo-Shop,convenience,60.2171894,24.7865997
Kotomart,convenience,60.2476978,24.8618785
Sopilka,convenience,60.2106083,25.0813147
RF Asian Market,convenience,60.2107515,25.0819082
Thai Market Olari,convenience,60.1652585,24.7360246
Tokmanni,supermarket,63.3703495,25.5746206
Big Market African Shop,convenience,60.3231681,25.0618648
Sopilka,convenience,60.1489578,24.655996
Nari Market,convenience,60.2135138,25.0808862
Kasap Oglu,convenience,60.2134763,25.0807521
Madina,convenience,60.2133081,25.080374
Dos Tecolotes,convenience,60.1808161,24.9520308
Moi Market,convenience,60.2411684,24.8847034
Syrian Market,convenience,63.0975825,21.6138954
Global Food Mart,convenience,60.2368261,25.0825546
Anna Asian Food Market,convenience,61.4976925,23.7939518
Grocery store,convenience,60.993467,24.4594649
Grocery store,convenience,60.2171886,24.7867359
Yellow Mart,convenience,60.2295478,24.8965001
Lähteenmäen kyläkauppa,convenience,61.8215646,22.2019174
S Market Jakobstad,convenience,63.6742802,22.7010339
JK Shop,convenience,60.1799597,24.9531901
JK Shop,convenience,60.1691235,24.9348167
RF Asian Market,convenience,60.194025,25.0334904
Wolt Market Lepuski,convenience,60.2163301,24.8181558
Kotomart,convenience,60.2032978,24.8972685
K Kasarmi,convenience,65.0170534,25.5013905
Sinbad ruokakauppa,convenience,62.6003765,29.7586027
WoiKiska,convenience,61.2891324,26.6677391
ABC,convenience,61.0026032,25.6767238
ABC Market Palokka,convenience,62.2910784,25.7208477
Mini Smart,convenience,62.7697279,22.6809137
Siamtori,supermarket,62.2591394,25.7708357
RF Asian Market,convenience,60.171266,24.9473973
Taj Mehal Afro Asian Market,convenience,60.2205807,24.8131021
Lappohjan kyläkauppa,convenience,59.9052019,23.2587426
Kyläkauppa Voikukka,convenience,62.6596069,26.0470741
G Mart,convenience,60.2210028,24.8115994
Kairali Asian Market,convenience,60.2211898,24.8136594
Laran Market,convenience,60.2206527,24.8127939
Aho,convenience,64.1187622,27.2452985
GC Asian Supermarket,convenience,60.2214077,24.8130274
Italian Herkut,convenience,60.4484122,22.2638465
ABC Varkaus,convenience,62.3049171,27.855459
Kyläkauppa Ravela Oy,supermarket,67.1465977,23.985193
Diwan Market,convenience,60.2132415,25.081239
Bunny Bunny,supermarket,60.3932216,25.6655589
Tokmanni,supermarket,63.00232,23.8051265
Kauppalaiva Christina,convenience,60.2505891,25.2378874
FastShop,convenience,61.6860885,27.2738915
Manun Elintarvike M. Pulkkinen,convenience,61.8685256,28.8793302
Tuiran Afro Kauppa,convenience,65.0248722,25.4691015
Family Market,convenience,65.0241557,25.4686904
JK Shop,convenience,60.2933425,25.0440324
Imperial Market Kerava,convenience,60.4025528,25.1023379
Bospori market,convenience,60.2514918,25.0076408
Savers Market,convenience,60.2371317,25.0831642
ABC Kiuruvesi,convenience,63.6603802,26.6092251
Grocery store,convenience,61.702172,23.2648007
ABC Joutsa,convenience,61.7136696,26.0708549
Alsham-Market,convenience,60.3876526,25.6496319
Espoo Asian Market,convenience,60.2043525,24.659876
Sab market oy,convenience,61.4988356,23.7569887
Afghan Market,convenience,61.4990329,23.7529801
Golden Crop aasialainen supermarket,convenience,61.4972994,23.7719124
Bamyan Market,convenience,60.2134486,25.0806919
Salam Foods,convenience,60.213158,25.0803841
Pääsuke,convenience,60.2006159,24.664615
Thaiora Market,supermarket,65.0118591,25.4786562
Wisnia,convenience,60.4427978,22.2775883
Tarvasjoen Kyläkauppa,convenience,60.584445,22.7356109
Köttdisken,supermarket,62.9446838,21.5500432
B-Market,convenience,60.3308009,25.0706879
NaVi-Market,convenience,60.200246,24.7362164
M-Market Santalahti,convenience,61.5058335,23.7141647
Viet Asian Market,supermarket,60.403308,25.6847736
Sitruuna Market,convenience,60.2781272,25.1054903
Mamas Market,convenience,63.0953669,21.6187966
Grocery store,convenience,65.9981859,29.1644698
Ibla Market,convenience,61.0165529,25.6613904
Huili,convenience,60.6712571,26.2525208
Huili,convenience,62.3018213,25.712689
Ubon Asian Market,convenience,60.2516434,24.8579864
Elo market,convenience,63.0950077,21.6196134
Asian & African Food Shop,convenience,60.1539092,24.7346187
Juurikorven kauppa,convenience,60.6057319,26.9324455
Asian Food Market,convenience,60.2021044,24.6658704
Kotitila,convenience,60.1796913,24.9587811
Kuopio Bazaar,convenience,62.8921612,27.6710905
Baltikumvännerna loppis,supermarket,62.8120727,21.2404159
Savers Market,convenience,60.3152105,24.8490215
ABC,convenience,60.641356,22.5499737
Minimarket,convenience,66.315426,27.1003305
Pamir Halal Market,supermarket,60.4009984,25.1068062
K-Siilinranta,supermarket,61.5141019,23.0079468
Afro-Asia Shop,convenience,60.3742499,25.6328605
Grocery store,convenience,60.2103001,25.0888337
Neste Helsinki Heikinlaakso,convenience,60.2697107,25.0719875
Grocery store,convenience,60.1934603,25.0372213
Pick n Pay,supermarket,61.4980607,21.8091428
Sale Hollola kk,convenience,61.0493284,25.4297074
Iitin maatilatori,convenience,60.8966409,26.338894
Centtilä,convenience,65.8008924,24.4937879
Radansuun kyläkauppa,convenience,60.9225358,26.3718463
Grocery store,convenience,61.5060612,23.7850595
K-Market,supermarket,60.7472121,24.7683336
Rieponlahden Lähikauppa,convenience,62.7771076,26.9053344
HelmiSimpukka,convenience,62.2435506,25.7563587
Pick n Pay,supermarket,61.1231224,21.5027217
K-Kyläkauppa Rautio,convenience,64.073993,24.2075124
Chipa,convenience,60.2619873,25.0094954
M Aseman Puoti,convenience,61.3001079,29.0865338
K-halli Veikontori,convenience,63.9347432,23.4368594
"Karhusaaren kauppa, Winberg & Winberg",convenience,60.2504066,25.2374855
Grocery store,convenience,62.8179392,23.9423559
Kesäniemen Kauppa,convenience,62.7927235,23.9268259
Sale Lohtaja,convenience,64.0245209,23.5061875
Kantarellen,supermarket,60.1341596,19.9343318
Poikeluksen Kyläkauppa,convenience,61.7932818,23.6327346
Uulan säästö,supermarket,69.9073335,27.0272368
K-Närbutik Martens,convenience,62.6112044,21.4699488
Vuohijärven M-kyläkauppa,convenience,61.089637,26.7950197
Hugos Livsmedel,supermarket,60.2189207,19.7116185
Laplandia,supermarket,60.9760274,28.4968667
Saariston puoti,convenience,62.4362227,29.6309762
Holmströms Lanthandel,convenience,59.8899844,22.5173355
Hellsö Gästhamn,convenience,59.9511867,20.9229307
ABC Kannus,convenience,63.9036596,23.9159933
K-Valinta Sieppi,convenience,68.1000841,27.1203149
Pyhämaan kyläkauppa,convenience,60.9496213,21.3686304
Oijärven kauppa Tarmo,convenience,65.6394151,25.9727889
Grocery store,convenience,62.3403112,30.8353923
Disa's Fish,convenience,60.4715999,26.2907939
K-JussiMatti,convenience,62.0460088,23.4435408
EL-MA myymälä,convenience,63.7754322,24.2540653
TARMO SÖDRA VALLGRUND HANDELSLAG,convenience,63.1783517,21.2794528
Hartolan Puoti & Baari,convenience,61.1466976,26.5153641
M-Market Pentinkulma,convenience,62.6217424,22.3900283
M-Market Ylihärmä,supermarket,63.1469131,22.7968988
Kiosk,convenience,60.1871873,24.9534934
Huittisten Säästömarket,supermarket,61.1736684,22.6805246
Disa's Fish,supermarket,61.1479262,28.8116896
Pienen Traktorin Puoti,convenience,63.0149116,28.2081057
Disas Fish,supermarket,60.5706991,27.1250498
M-Market Itäkylä,convenience,63.226912,23.7418006
Kyläkauppa Rissanen,supermarket,61.6081513,28.7029674
K-market Pollari,convenience,63.8945038,23.9330649
Grocery store,convenience,60.3745591,25.6275716
Kauppakeskus Nuorgam,supermarket,70.0802683,27.8669648
Halpa-Halli Muurame,convenience,62.1349764,25.6716375
M-Market Muurla,convenience,60.3491861,23.2727657
Basaari,convenience,62.2134673,24.7991833
Knallis,convenience,60.0450328,22.6790248
Suurimaan Kauppa,convenience,61.8950625,22.6006628
Grocery store,convenience,62.758304,26.6893947
Grocery store,convenience,62.5552846,30.5165089
Teijon Kyläkauppa,convenience,60.2538621,22.9561998
Estradi Kyläkauppa,convenience,60.3882205,23.8939992
Sparhallen,supermarket,60.1292999,19.9331174
Sale Valkeakoski,convenience,61.2850614,24.0135061
Mattilan kauppa,convenience,60.4778244,22.1083288
Sale Kivijärvi,convenience,63.1201033,25.0760869
Kauppakasino,convenience,61.3438477,28.7710655
"Pyhäkylän kauppa, Papupata",convenience,65.3344334,28.7479802
Kärra Butik,convenience,60.0732552,22.4655896
Långvikin kyläkauppa,convenience,60.100174,24.5664314
Sale Jäppilä,convenience,62.3767134,27.4373023
Pyheen kyläkauppa,convenience,60.6478704,21.8622644
Tarmo Ellan Kauppa,convenience,63.0067287,23.4327645
Sale Tupos,convenience,64.8630297,25.4838459
M-kyläkauppa Vuolenkoski,convenience,61.0832184,26.1791198
Ruohonjuuri,convenience,60.1603106,24.7384103
Sun Market Food and Coffee,convenience,60.160588,24.7396649
Mero Market,supermarket,60.1602665,24.7381467
Skåldö Fiskebod,convenience,59.9016085,23.4082501
Kyläkauppa Mehtonen,convenience,62.1503477,25.4716606
M-Skafferi Ett,supermarket,59.9888807,23.0351787
Sourunsalon kauppa,convenience,63.5135435,27.1200097
Norrnäs Närköp,supermarket,62.5748977,21.2277511
Grocery store,convenience,62.820053,21.8054793
Virttaan S-kauppa,supermarket,60.9377956,22.6749269
Tilapuoti,convenience,60.2700522,22.754274
Pyhämaan Valinta,convenience,60.9147605,21.2780482
Grocery store,convenience,59.9414314,23.7260248
Härkinvaaran puoti,convenience,62.6948893,29.5631202
Grocery store,convenience,61.8144337,22.3490138
Emsalö Byaboden - Emäsalon Kyläpuoti,convenience,60.2620544,25.6362914
Kyläkauppa Käntynmäki,convenience,62.170805,22.5918574
Grocery store,convenience,62.8178076,23.9449143
Punnitse ja Säästä,convenience,61.4980678,23.7731754
Grocery store,supermarket,60.4765985,22.0462637
Al-Pasha,supermarket,60.6332243,24.8632421
Helsinki Duty Free,convenience,60.3188018,24.967078
Helsinki Duty Free (Non-Schengen),convenience,60.3155339,24.959799
Helsinki Duty Free (Gate 13),convenience,60.3159144,24.9720094
